"lambdaMainC[1]" "lambdaMainC[2]" "lambdaMainC[3]" "lambdaMainC[4]" "lambdaMainC[5]" "lambdaMainC[6]" "lambdaCrossC[1]" "lambdaCrossC[2]" "lambdaCrossC[3]" "lambdaCrossC[4]" "lambdaCrossC[5]" "lambdaCrossC[6]" "PsiC[1,2]" "theta[1]" "theta[2]" "theta[3]" "theta[4]" "theta[5]" "theta[6]" "parameter" "maxTree" "sumDiv" "warmupT1" "warmupT2" "sampleT1" "sampleT2" "prior" "sigma" "N" "cross" "iteration" "pos"
13.3929580215058 62.4941411661083 21.8848553808784 103.286264653081 97.0246624775949 113.491690066689 84.79345635263 14.7100812080202 24.0081343672321 66.3834274957854 95.4079288506889 117.535272161283 53.5944246198959 24.7953116096265 56.8479242378384 91.2473420632179 26.9968861071303 19.546316902174 97.1995180218926 "n_eff" 7 0 0.785 0.831 0.552 0.647 "SVNP" 0.316227766016838 200 0.2 4 1
1.11219653850389 1.01568070039341 1.0585661269364 1.02831050182914 1.00750191358743 1.01092838986086 0.996125132804119 1.13656860343445 1.05730625616166 0.998401379807178 0.992463555092292 0.984673483069266 1.02365119277504 1.05227526549044 1.03245014630319 1.02193595978995 1.03968000196073 1.12259711341819 0.998682425843262 "Rhat" 7 0 0.785 0.831 0.552 0.647 "SVNP" 0.316227766016838 200 0.2 4 1
