"lambdaMainC[1]" "lambdaMainC[2]" "lambdaMainC[3]" "lambdaMainC[4]" "lambdaMainC[5]" "lambdaMainC[6]" "lambdaCrossC[1]" "lambdaCrossC[2]" "lambdaCrossC[3]" "lambdaCrossC[4]" "lambdaCrossC[5]" "lambdaCrossC[6]" "PsiC[1,2]" "theta[1]" "theta[2]" "theta[3]" "theta[4]" "theta[5]" "theta[6]" "parameter" "maxTree" "sumDiv" "warmupT1" "warmupT2" "sampleT1" "sampleT2" "prior" "sigma" "N" "cross" "iteration" "pos"
10.2992723334287 42.0291899793271 25.5069656289576 82.7645873355393 65.4705127321127 68.8303967337173 13.4037151209182 15.9308368008694 40.7538613258078 42.6041030912698 72.4118811377216 69.3136030455152 19.0454841656391 12.0932867304791 29.7783186680441 39.2049628119219 109.827312600781 21.6154428079421 136.909943227822 "n_eff" 7 0 1.224 1.309 1.17 1.049 "SVNP" 0.316227766016838 200 0.2 4 1
1.17551899581721 1.03680746987417 1.08613138370297 1.0031227171689 0.987777262949823 1.023569471459 1.10289938625331 1.09359365809933 1.03733438477356 1.0313131130757 1.00258530846536 1.02521710648684 1.07834044294136 1.14824435792128 1.10897990681409 1.01325052208133 0.984411170141601 1.05578759349901 0.996310648125598 "Rhat" 7 0 1.224 1.309 1.17 1.049 "SVNP" 0.316227766016838 200 0.2 4 1
